case,name,total_cycles,verifier_cycles,transcript_cycles,vanishing_cycles,logderivativesum_cycles,poseidon2_compressions,module_count,dynamic_module_count,round_count,expression_count,bucket_count,vanishing_count,total_witness_claims,total_quotient_claims
0,BooleanColumn,9399,9324,2889,6341,53,5,1,0,3,5,1,1,1,1
1,Fibonacci,12221,12146,3512,8540,53,8,1,0,3,5,1,1,3,1
2,GeometricProgression,11820,11745,3512,8139,53,8,1,0,3,5,1,1,2,1
3,ConditionalCounter,11473,11398,3715,7589,53,9,1,0,3,5,1,1,3,1
4,PythagoreanTriplet,13072,12997,3918,8970,68,10,1,0,3,8,1,1,3,1
5,DynamicFibonacci,12571,12489,3512,8877,53,8,1,1,3,5,1,1,3,1
6,ConstantColumn,8855,8780,2889,5797,53,5,1,0,3,3,1,1,1,1
7,ForwardShiftConstant,11136,11061,3512,7455,53,8,1,0,3,3,1,1,2,1
8,BooleanCube,13848,13769,4012,9663,53,8,1,0,3,7,1,1,1,2
9,LinearCombination,10750,10675,3349,7232,53,6,1,0,3,9,1,1,3,1
10,LargeFibonacci,15332,15257,5831,9317,68,15,1,0,3,5,1,1,3,1
11,MultipleVanishingsSameRatio,11056,10973,2689,8190,53,5,1,0,3,6,1,2,2,1
12,MixedRatioVanishings,12749,12666,2889,9683,53,5,1,0,3,8,1,2,2,1
13,MultiModule,20192,20112,7137,12866,68,14,2,0,3,8,2,2,2,2
14,ManualCancellation,9939,9864,2889,6881,53,5,1,0,3,5,1,1,2,1
15,PrecomputedSelector,9470,9395,2889,6412,53,5,1,0,3,5,1,1,2,1
16,CellLeaf,8943,8870,2955,5821,53,5,1,0,3,3,1,1,1,1
17,CoinScaled,10848,10773,3389,7290,53,6,1,0,4,5,1,1,2,1
18,ThreeStepRecurrence,13172,13097,3512,9491,53,8,1,0,3,5,1,1,3,1
19,Quartic,20033,19954,6258,13587,68,14,1,0,3,9,1,1,1,4
20,LeftPadDynamic,11484,11402,3512,7790,53,8,1,1,3,3,1,1,2,1
21,CubicWithBackShift,17295,17214,5715,11390,68,14,1,0,3,7,1,1,2,2
22,MixedHighRatio,36111,36029,14527,21393,68,38,1,0,3,16,2,2,1,6
23,MultiModuleHighRatio,30703,30621,10463,20049,68,23,2,0,3,14,2,2,2,4
24,SizeThirtyTwoCubic,31334,31255,19152,11994,68,53,1,0,3,7,1,1,1,2
25,LargeForwardShift,13038,12963,3512,9357,53,8,1,0,3,3,1,1,2,1
26,BackAndForwardShift,12906,12831,3512,9225,53,8,1,0,3,7,1,1,3,1
27,DynamicQuadratic,11152,11071,3512,7459,53,8,1,1,3,5,1,1,1,1
28,QuarticWithBackShift,26239,26158,10121,15928,68,26,1,0,3,11,1,1,2,4
29,SingleColumnFirstRowZero,11255,11171,2889,8188,53,5,1,0,3,3,1,1,1,1
30,SingleColumnLastRowZero,11257,11173,2889,8190,53,5,1,0,3,3,1,1,1,1
31,ShiftedColumnFirstRowZero,11257,11173,2889,8190,53,5,1,0,3,3,1,1,1,1
32,TwoColumnsEqualAtFirstRow,11190,11106,2689,8323,53,5,1,0,3,5,1,1,2,1
33,MultipleConstraintsSameModule,16361,16281,2889,13298,53,5,1,0,3,6,1,2,1,1
34,SecondRowConstraint,11463,11379,2889,8396,53,5,1,0,3,5,1,1,1,1
35,CellEquality,11549,11465,2955,8416,53,5,1,0,3,5,1,1,1,1
36,CoinScaled,12575,12491,3389,9008,53,6,1,0,4,7,1,1,1,1
37,MultipleAnchorsSharedColumn,22032,21948,2889,18965,53,5,1,0,3,15,1,3,1,1
38,ConstantSubtraction,11461,11377,2889,8394,53,5,1,0,3,5,1,1,1,1
39,WrapAroundShift,11257,11173,2889,8190,53,5,1,0,3,3,1,1,1,1
40,ProductIsZero,15498,15414,3812,11508,53,8,1,0,3,5,1,1,2,2
41,CellAndCoin,12981,12897,3713,9090,53,7,1,0,4,7,1,1,1,1
42,ThreeColumnLinear,11989,11905,3349,8462,53,6,1,0,3,7,1,1,3,1
43,MultiAnchorMultiColumn,16298,16216,2689,13433,53,5,1,0,3,8,1,2,2,1
44,CubeAtFirstRow,22019,21935,6258,15568,68,14,1,0,3,9,1,1,1,4
45,MultiModule,22255,22177,5438,16630,68,10,2,0,3,6,2,2,2,2
46,DynamicFirstRowZero,12999,12915,3512,9303,53,8,1,1,3,3,1,1,1,1
47,DynamicShifted,13001,12917,3512,9305,53,8,1,1,3,3,1,1,1,1
48,DynamicProductIsZero,18741,18657,5918,12624,68,15,1,1,3,5,1,1,2,2
49,SingleFractionAllOnes,23358,23272,4249,18628,354,9,1,0,4,19,1,3,3,1
50,PartialFilter,30855,30765,7153,23200,371,16,1,0,4,23,2,3,4,3
51,AllZeroFilter,30851,30761,7153,23199,368,16,1,0,4,23,2,3,4,3
52,FilterMasksZeroDenominator,30518,30428,6955,23061,371,16,1,0,4,23,2,3,5,3
53,Packing4Fractions,65978,65888,11893,53293,661,27,1,0,4,78,2,6,8,5
54,MultiModuleBucketing,56277,56187,12761,42723,662,25,2,0,4,42,3,6,7,4
55,SizeOneModule,16264,16183,2938,12850,354,4,1,0,4,12,1,2,2,1
56,ConditionalLookupShape,59002,58912,12888,45319,664,25,2,0,4,52,4,6,8,6
57,ManyFractions,95760,95667,14045,80624,957,32,1,0,4,137,2,9,13,5
58,SizeTwoModule,21680,21594,3512,17687,354,6,1,0,4,19,1,3,3,1
59,MultipleQueries,41847,41756,6259,34792,664,14,1,0,4,38,1,6,6,1
60,VectorDenominator,29487,29397,7153,21832,371,16,1,0,4,19,2,3,4,3
61,AllFiltersOnesPacked,56953,56862,12105,44347,369,29,1,0,4,71,3,3,6,7
62,SingleColumnNoFilters,61839,61748,15795,45244,668,32,2,0,5,48,4,6,7,6
63,FilterOnIncluded,59401,59311,13710,44891,669,25,2,0,5,52,4,6,8,6
64,FilterOnIncluding,65893,65802,16696,48396,669,33,2,0,5,64,4,6,8,6
65,DoubleConditional,67781,67690,17356,49625,668,34,2,0,5,68,4,6,9,6
66,MultiColumn,66413,66322,17356,48257,668,34,2,0,5,64,4,6,9,6
67,SharedTable,88281,88190,20512,66672,965,40,3,0,5,71,6,9,10,9
68,DistinctTables,111741,111650,22627,87721,1261,43,4,0,5,96,8,12,14,12
69,MultiColumnFilterOnIncluding,69367,69276,17156,51409,670,34,2,0,5,80,4,6,10,6
70,RepeatedValueInTable,61839,61748,15795,45244,668,32,2,0,5,48,4,6,7,6
71,ShiftedAColumn,62751,62661,15797,46158,665,32,2,0,5,48,4,6,7,6
72,ShiftedBColumn,61841,61750,15795,45244,670,32,2,0,5,48,4,6,8,6
73,MultipleAFragments,88281,88190,20512,66672,965,40,3,0,5,71,6,9,10,9
74,WidthThree,66603,66513,15416,50384,672,27,2,0,5,80,4,6,11,6
75,SizeOne,42483,42395,8917,32773,664,12,2,0,5,29,4,4,5,6
76,PrecomputedTable,61179,61088,15135,45244,668,31,2,0,5,48,4,6,7,6
77,RepeatedSValues,61839,61748,15795,45244,668,32,2,0,5,48,4,6,7,6
78,EmptySelected,62863,62772,15595,46468,668,32,2,0,5,52,4,6,8,6
79,Basic,71313,71222,23721,46795,665,56,2,0,5,48,4,6,7,6
80,SharedBound,78315,78224,20287,57231,665,44,2,0,5,76,5,6,8,10
81,DistinctBounds,113025,112934,31724,80201,968,72,3,0,5,101,7,9,12,13
82,BoundIsPowerOfTwo,75885,75795,29096,45992,666,69,2,0,5,48,4,6,7,6
83,BoundIsOne,51868,51778,12188,38885,664,22,2,0,5,38,4,5,6,6
84,MultiModule,91421,91330,22493,67839,957,47,3,0,5,71,6,9,10,9
85,LargeBound,205620,205530,155708,49100,681,431,2,0,5,48,4,6,7,6
86,NonPowerOfTwoBound,66088,65998,20076,45215,666,44,2,0,5,48,4,6,7,6
87,AllZeros,66088,65998,20076,45215,666,44,2,0,5,48,4,6,7,6
88,LagrangeSelectorBoundary,11463,11379,2889,8396,53,5,1,0,3,5,1,1,1,1
89,DynamicLagrangeSelectorBoundary,11938,11854,2889,8865,53,5,1,1,3,5,1,1,1,1
90,MultiColumnBench,2514580,2514489,2443332,70414,702,7559,2,0,5,112,4,6,15,6
